Workbook

Sheet Sheet1
A1: start_date | B1: end_date | C1: start_time | D1: end_time | E1: name | F1: number
A2: 46043 | B2: 46045 | C2: 0.20833333 | D2: 0.625 | E2: Example1 | F2: =IFERROR( VLOOKUP(E2, contacts!A:B, 2, FALSE), "" ) -> +48123456789
A3: 46048 | B3: 46052 | C3: 0.20833333 | D3: 0.625 | E3: Example2 | F3: =IFERROR( VLOOKUP(E3, contacts!A:B, 2, FALSE), "" ) -> +48987654321
F4: =IFERROR( VLOOKUP(E4, contacts!A:B, 2, FALSE), "" )
F5: =IFERROR( VLOOKUP(E5, contacts!A:B, 2, FALSE), "" )
F6: =IFERROR( VLOOKUP(E6, contacts!A:B, 2, FALSE), "" )
F7: =IFERROR( VLOOKUP(E7, contacts!A:B, 2, FALSE), "" )
F8: =IFERROR( VLOOKUP(E8, contacts!A:B, 2, FALSE), "" )
F9: =IFERROR( VLOOKUP(E9, contacts!A:B, 2, FALSE), "" )
F10: =IFERROR( VLOOKUP(E10, contacts!A:B, 2, FALSE), "" )
F11: =IFERROR( VLOOKUP(E11, contacts!A:B, 2, FALSE), "" )
F12: =IFERROR( VLOOKUP(E12, contacts!A:B, 2, FALSE), "" )
F13: =IFERROR( VLOOKUP(E13, contacts!A:B, 2, FALSE), "" )
F14: =IFERROR( VLOOKUP(E14, contacts!A:B, 2, FALSE), "" )
F15: =IFERROR( VLOOKUP(E15, contacts!A:B, 2, FALSE), "" )
... F92: =IFERROR( VLOOKUP(E92, contacts!A:B, 2, FALSE), "" )
F93: =IFERROR( VLOOKUP(E93, [1]contacts!A:B, 2, FALSE), "" )
F94: =IFERROR( VLOOKUP(E94, [1]contacts!A:B, 2, FALSE), "" )
F95: =IFERROR( VLOOKUP(E95, [1]contacts!A:B, 2, FALSE), "" )
F96: =IFERROR( VLOOKUP(E96, [1]contacts!A:B, 2, FALSE), "" )
F97: =IFERROR( VLOOKUP(E97, [1]contacts!A:B, 2, FALSE), "" )
F98: =IFERROR( VLOOKUP(E98, [1]contacts!A:B, 2, FALSE), "" )
F99: =IFERROR( VLOOKUP(E99, [1]contacts!A:B, 2, FALSE), "" )
F100: =IFERROR( VLOOKUP(E100, [1]contacts!A:B, 2, FALSE), "" )
F101: =IFERROR( VLOOKUP(E101, [1]contacts!A:B, 2, FALSE), "" )
F102: =IFERROR( VLOOKUP(E102, [1]contacts!A:B, 2, FALSE), "" )
F103: =IFERROR( VLOOKUP(E103, [1]contacts!A:B, 2, FALSE), "" )
F104: =IFERROR( VLOOKUP(E104, [1]contacts!A:B, 2, FALSE), "" )
... F531: =IFERROR( VLOOKUP(E531, [1]contacts!A:B, 2, FALSE), "" )

Sheet contacts
A1: full_name | B1: phone
A2: Example1 | B2: +48123456789
A3: Example2 | B3: +48987654321
